{
	"info": {
		"_postman_id": "a2e8f6dc-e283-45c1-a457-6d02895e460f",
		"name": "Vendrame.NodeAPI.EsameRecupero",
		"schema": "https://schema.getpostman.com/json/collection/v2.1.0/collection.json"
	},
	"item": [
		{
			"name": "GET /api/books",
			"request": {
				"method": "GET",
				"header": [],
				"url": {
					"raw": "http://localhost:3000/api/books",
					"protocol": "http",
					"host": [
						"localhost"
					],
					"port": "3000",
					"path": [
						"api",
						"books"
					]
				}
			},
			"response": []
		},
		{
			"name": "GET api/books/:id",
			"request": {
				"method": "GET",
				"header": [],
				"url": {
					"raw": "http://localhost:3000/api/books/1",
					"protocol": "http",
					"host": [
						"localhost"
					],
					"port": "3000",
					"path": [
						"api",
						"books",
						"1"
					]
				}
			},
			"response": []
		},
		{
			"name": "POST /api/books",
			"request": {
				"method": "POST",
				"header": [],
				"body": {
					"mode": "raw",
					"raw": "{\r\n    \"name\": \"Harry Potter\",\r\n    \"author\": \"J.K.Rowlings\",\r\n    \"price\": 22.5,\r\n    \"imageUrl\": \"https://www.imageurl.com\",\r\n    \"url\": \"https://www.url.com\"\r\n}",
					"options": {
						"raw": {
							"language": "json"
						}
					}
				},
				"url": {
					"raw": "http://localhost:3000/api/books",
					"protocol": "http",
					"host": [
						"localhost"
					],
					"port": "3000",
					"path": [
						"api",
						"books"
					]
				}
			},
			"response": []
		},
		{
			"name": "PUT /api/books/:id",
			"request": {
				"method": "PUT",
				"header": [],
				"body": {
					"mode": "raw",
					"raw": "{\r\n    \"name\": \"Harry Potter\",\r\n    \"author\": \"J.K.Rowlings\",\r\n    \"price\": 50.8,\r\n    \"imageUrl\": \"https://www.imageurl.com\",\r\n    \"url\": \"https://www.url.com\"\r\n}",
					"options": {
						"raw": {
							"language": "json"
						}
					}
				},
				"url": {
					"raw": "http://localhost:3000/api/books/1",
					"protocol": "http",
					"host": [
						"localhost"
					],
					"port": "3000",
					"path": [
						"api",
						"books",
						"1"
					]
				}
			},
			"response": []
		},
		{
			"name": "DELETE /api/books/:id",
			"request": {
				"method": "DELETE",
				"header": [],
				"url": {
					"raw": "http://localhost:3000/api/books/1",
					"protocol": "http",
					"host": [
						"localhost"
					],
					"port": "3000",
					"path": [
						"api",
						"books",
						"1"
					]
				}
			},
			"response": []
		}
	]
}